id;street_address;unit;city;state_id;zip_code;user_id
27182;61895 Greenfelder Plain;;Bednarbury;10;09519-6170;5
40269;2235 Daija Well;;Port Imogene;5;48475-5505;6
3324;291 Spinka Knolls;;Rowehaven;10;06364;7
33166;278 Will Extensions;;North Romamouth;8;84725;8
29350;07129 Ulises Square;;North Nora;4;43374-8967;9
28512;19164 Nyah Coves;;East Tressa;8;27380;10
8839;4247 Shaniya Cliff;;North Annie;10;91638;11
31849;92334 Cordell Park;;East Garrettville;4;89448;12
41301;3225 Augustus Bypass;;North Terrellhaven;1;43840;13
19339;50057 Antwon Springs;;Lake Jettieburgh;4;13593;14
44105;562 Powlowski Greens;;New Grant;8;68296-6057;15
30975;4758 Anjali Plains;;Port Rollinland;8;81323;16
20631;045 Pedro Gardens;;Lake Rhoda;3;21673;17
26326;0884 Alek Mountains;;Port Merlin;4;35023;18
39995;3426 Rowan Street;;Kuvalisburgh;4;01068-9700;19
16549;8944 Reichel Roads;;Lake Cheyennefurt;5;29103-1880;20
20678;673 Kameron Camp;;East Ron;4;46139;21
42309;68503 Isaias Corner;;West Fabiolaton;8;20052-3865;22
36362;91180 London River;;East Audreanneberg;1;83739-7924;23
38911;72712 Botsford Plaza;;East Celestinomouth;6;70720-8162;24
2585;31478 Langosh Island;;North Devinland;2;48616;25
77;692 Leonardo Courts;;Lake Audra;6;28301-2328;26
938;90219 Murray Ramp;;Grahamville;10;34625-9823;27
31962;226 Marcelino Estate;;Port Jadonland;10;52936-8652;28
30079;36274 Renner Circle;;Schultztown;9;83881-6608;29
33302;034 Raynor Heights;;Charleyfurt;10;02205;30
38141;630 Waters Circles;;Padbergchester;3;65967;31
23789;9234 Melisa Brooks;;Ritchieland;10;23288;32
44329;808 Bins Falls;;Zacherymouth;1;48518;33
9202;339 Mueller Plain;;Robynland;10;25666-9199;34
47689;047 Andrew Extension;;Emardtown;2;61796;35
10364;5607 Magali Pass;;West Giovanna;6;01379;36
14143;08971 Callie Land;;Fletchermouth;8;15881;37
37776;51958 McKenzie Fall;;Lake Gudrun;8;10045-6520;38
22384;8259 Casper Village;;Darronshire;10;24255;39
44516;43472 Edison Club;;North Susannaton;7;16527;40
12987;862 Elna Junction;;Boscoberg;5;18900;41
9055;401 Tremblay Pines;;Bartontown;8;98452-3090;42
13793;2333 Ledner Green;;Aureliafurt;7;56901-4926;43
46060;560 Durgan Club;;Framiland;3;23716;44
9921;188 Zetta Isle;;North Karleefurt;4;73204;45
13919;53467 Swift Skyway;;Lillianhaven;6;14032-6313;46
11598;1426 Rempel Plains;;North Kendall;7;36920-9695;47
30143;50730 Simonis Bypass;;South Ellie;1;04263-5586;48
30773;5955 Murazik Shore;;North Burleymouth;9;48191;49
13560;39561 Rodriguez Estate;;Labadieside;8;37076;50
43358;11540 Kylie Drive;;Port Herminaland;6;26740-6658;51
17162;8180 Barton Parkway;;Hirthetown;10;32171-8011;52
48588;54775 Jayne Key;;West Darby;2;86522-6160;53
3679;112 Griffin Fords;;East Elvaport;1;35321;54
4515;41034 Garland Extensions;;New Jenatown;5;74950;55
9999;82062 Blanda Inlet;;Danemouth;9;85950-5878;56
33226;85688 Harris Flats;;Lake Khalilport;1;58928;57
17555;415 Rolfson Rapid;;West Anyamouth;4;10463-5414;58
30829;3949 Reina Heights;;North Jennie;2;49147;59
11437;889 Cremin Lights;;Connellymouth;9;17956-9282;60
35310;87158 Windler Landing;;Kundeborough;6;31466-9928;61
10787;01541 Junior Ports;;Murrayhaven;8;43369-2715;62
9575;63049 Wolf Lodge;;Ferminville;10;69261;63
26985;8457 Ivy Mission;;South Sterlingborough;7;18022-1218;64
38909;622 Maximillia Point;;West Russellland;4;86577-8384;65
19251;94843 Yundt Brooks;;West Kim;3;19039;66
43078;5041 Nella Centers;;New Hannah;1;53256-9744;67
28425;61766 Emard Dam;;North Makaylaburgh;10;48361;68
27211;31588 Garnet Coves;;Beierhaven;9;89789-5176;69
8500;05113 D'Amore Garden;;Angelport;8;37533;70
13197;4925 Robel Crossing;;Port Raoul;6;72378;71
8742;5693 Hettinger Dale;;North Norval;8;91099-7081;72
19248;8397 Kling Bridge;;Bechtelartown;10;02550;73
40628;228 Tremblay Harbors;;New Queenstad;5;13002;74
36829;1462 Keebler Lake;;West Emelie;1;39014;75
36108;974 Lauren Alley;;Alfview;9;48466;76
30006;375 Dolly Springs;;North Paulaside;5;49640;77
8367;87949 Eden Mountains;;East Linda;10;35966-2112;78
18650;770 Ed Field;;Port Dulcefort;2;00091-7179;79
49935;126 Price Drives;;Port Marcus;10;49603;80
39704;6660 Leannon Plain;;New Domenicaland;3;04620-2168;81
43445;21255 Romaguera Shoal;;Port Alexanne;2;55704;82
25496;5738 Ana Fields;;Solonmouth;5;12523-5184;83
44744;7582 Jacques Union;;East Leonelhaven;8;75255-6417;84
19702;161 Dietrich Lane;;Emmerichbury;6;06738;85
31468;963 Sanford Light;;Letitiafort;10;13856-6274;86
32090;770 Marquis Harbor;;Port Tara;1;58260;87
8033;8506 Dare Brooks;;South Angelo;1;03260;88
23328;407 Pfannerstill Track;;Langworthstad;8;15982-4922;89
22997;1279 Fay Drive;;Terryhaven;8;27802;90
19477;1560 Steuber Harbors;;Ernserfurt;8;13763;91
7776;027 Barrows Loaf;;North Brendaborough;6;33970-4090;92
43007;1393 Darwin Course;;North Ignaciofurt;9;64690;93
48425;00763 Norris Common;;Lake Samara;2;87978;94
6951;67964 Lina Roads;;Hintzland;6;67205-8046;95
32820;01743 Wilkinson Street;;East Evieberg;2;59988-8972;96
23085;66539 Treutel Harbors;;Waylonshire;3;71937-8539;97
35465;481 Abbey Valleys;;North Nasir;4;88970-5193;98
49413;14609 Ryan Spur;;Bernardport;7;19917;99
43774;9273 Berniece Junction;;South Laury;10;31310;100
14753;93765 Marcia Roads;;Budchester;8;76557;101
48891;3612 Gorczany Trafficway;;South Lempibury;1;01577-3689;102
14355;0620 McLaughlin Lakes;;West Jeramy;7;61936;103
45897;11220 Klocko Field;;Hoegerton;8;64096-5363;104
17836;5928 Trevion Mountains;;Stokeston;8;54128-1446;105
40330;9682 Lavern Brook;;Lake Hardy;8;02335-3867;106
30390;3417 Paige Glen;;Sidneyhaven;7;61443-2899;107
10067;49116 Kelvin Orchard;;West Deron;5;54356;108
35512;51742 Paolo Mission;;Reggiemouth;8;64799-3714;109
31211;6301 Jerde Street;;Kihnmouth;9;57703-1453;110
14978;36490 Caden Fork;;West Crystel;7;96303-4232;111
49465;672 Jude Court;;East Clintshire;1;62149-2664;112
43600;856 Joseph Crescent;;Jeremyside;5;13865;113
19167;018 Macie Terrace;;Port Baileyland;6;76723-9764;114
33564;236 Elenor Loop;;Christinaview;3;65898-4963;115
25777;846 Bashirian Oval;;Adahshire;6;43283-6932;116
5716;03783 Haley Unions;;Stephonbury;5;63074-9873;117
8084;6541 Holly Street;;Kreigerside;10;52342-9616;118
4408;7557 Johnston Rue;;Gilesmouth;5;86721;119
28399;64669 Boehm Greens;;Maudeburgh;6;50232;120
6688;6502 Franecki Club;;Tobinshire;7;91772;121
10497;2940 Kody Points;;Kundeburgh;7;15153-8769;122
29042;929 O'Hara Causeway;;East Camille;2;50966-1563;123
13740;198 Thompson Ferry;;New Alisonport;5;83440;124
47506;28460 Therese Fall;;East Dallin;5;89354-8743;125
38207;180 Koepp Mountains;;Jaskolskistad;7;30416-6544;126
22045;19109 Marco Drive;;Selmerland;1;24753-2259;127
31043;682 Smitham Extension;;New Pamelabury;3;19023;128
37492;81682 Erdman Unions;;East Gregg;4;26631;129
2001;41883 Elouise Ford;;Wiegandmouth;4;62305;130
2848;84911 Greenfelder Stream;;West Pietro;3;39577;131
21782;17199 Tyson Manors;;Port Grayceside;2;85871;132
40555;785 Corwin Prairie;;Dallasside;6;99266-4552;133
30625;18591 McClure Mount;;South Mariela;3;71572;134
26986;25038 Deckow Extensions;;East Arelytown;7;11239;135
12003;70963 Aisha Locks;;Tristonstad;9;76792-8060;136
3537;1081 Schamberger Islands;;Mozellechester;4;16623-0351;137
22760;9110 Hilpert Orchard;;Lake Billyton;6;14254;138
5497;28404 Deckow Stream;;Lake Genoveva;6;62766-5820;139
31959;32560 Brekke Keys;;Uniquestad;7;85546-9976;140
20362;792 Judah Wells;;North Maximus;2;44209-2093;141
48056;420 Osinski Stravenue;;North Antonio;3;22969-8997;142
10205;650 Winifred Avenue;;Romagueramouth;10;48450;143
11786;648 Bogan Causeway;;Feilton;7;26951-4029;144
38948;56680 Tremblay Crossroad;;Jairobury;9;32943-5229;145
14804;500 Bryana Keys;;East Shaniya;3;17775-9465;146
6438;7406 Katrine Stream;;Geoshire;4;42633-6831;147
37417;0521 Wilfredo Unions;;Nadiaberg;9;14973;148
228;073 Ziemann Key;;North Ally;9;84561;149
1466;096 Destany Oval;;Amiyaborough;8;06609-9508;150
7544;1281 Colten Harbor;;Krajcikfurt;10;39100-3887;151
3042;049 Janie Underpass;;East Natasha;3;29467;152
43080;356 Waters Divide;;Konopelskichester;10;98251;153
49598;259 Rowe Landing;;Reingerberg;6;69317;154
16854;026 Hane Cape;;Lake Kendra;10;85257;155
14606;08116 Joey Tunnel;;Shawnborough;1;96989;156
18175;638 Jolie Glens;;Reillytown;5;37404-3519;157
9799;6943 Minerva Radial;;West Madelineland;6;17862-1924;158
42787;04086 Kayla Vista;;North Erashire;1;13037-3614;159
49864;42430 Monty Path;;North Ashlyburgh;1;30060;160
41481;87570 Alanis Center;;DuBuqueland;6;29389-2448;161
36556;82186 Zboncak Square;;Imogenetown;3;82449;162
24868;8041 Austin Locks;;Savannaport;8;40410;163
11943;937 Hayes Circle;;Lake Rafaelashire;6;56257;164
1738;5903 Griffin Tunnel;;East Taliaberg;10;84953-6543;165
11756;381 Felton Common;;Roobfort;9;47912-4737;166
6883;4000 Marisol Glens;;East Viola;2;15993;167
34890;38591 Bosco Points;;Morarton;1;01814;168
3090;80709 Stroman Bypass;;Port Wilhelmside;7;95972;169
26168;30377 Emard Islands;;Lorenzatown;4;04012-2162;170
14109;011 Koby Prairie;;Tremblaymouth;7;55228;171
32942;2553 Dell Pass;;Rohanview;3;30895-1709;172
4055;8714 Violette Forges;;Croninside;10;16563;173
27163;40232 Rudolph Neck;;Lakinfort;2;77519-9392;174
24508;7429 Boehm Junctions;;Susannaberg;4;60417;175
15653;4984 Heathcote Dam;;Judgeshire;10;92783-3885;176
37129;69690 Jamil Islands;;North Sonialand;6;30464-8150;177
49905;14384 Marks Key;;New Glenna;9;84295;178
2789;7654 Franecki Gateway;;South Susannastad;4;73982-7717;179
30085;52740 Santa Glens;;New Jeanhaven;7;09896;180
18616;270 Haley Creek;;New Makennafurt;5;23617-1510;181
8838;947 Durgan Pass;;Lake Colby;8;88369-6298;182
23994;69656 Reichert Lake;;West Brian;7;34709;183
28406;98278 Aliya Roads;;Jonathonfurt;8;17891;184
40410;87057 Garfield Brook;;Lottieshire;2;09184;185
42120;5732 Oleta Points;;Port Eldredland;5;86288;186
34076;312 Nova Plain;;Port Florian;3;36621-2197;187
38855;307 Holden Passage;;Connellychester;6;18604-9457;188
21479;68062 West Dale;;Earnestinestad;4;11052;189
18276;332 Antonio River;;West Major;3;04852;190
9604;1919 Harvey Shore;;Tyreeborough;7;51496;191
45441;088 Hintz Viaduct;;South Erinbury;4;68928-0808;192
48624;2703 Quinton Ranch;;Catherinebury;2;17259;193
40114;470 D'Amore Overpass;;Luciemouth;5;18638-7196;194
36094;77990 Marshall Loop;;New Oswald;4;19671-8817;195
11008;3405 Casper Light;;Cyrilfurt;3;14548-6909;196
48539;34972 Samson Ranch;;Beierfort;9;92311;197
20368;785 Lehner Tunnel;;East Georgianamouth;6;39745-5599;198
26325;4400 Lillian Trace;;Gaylordland;3;14303;199
46487;82154 Crist Divide;;Zechariahburgh;2;36591;200
26464;95531 Lockman Mountains;;West Wilmer;7;11641;201
30537;80378 Ayden Drive;;West Jodie;1;55752-2831;202
29588;9617 Orn Mall;;West Green;5;00628;203
47181;469 Yessenia Loop;;Boganhaven;9;02509;204
40335;192 Heaney Ville;;New Ethan;5;33776-0195;205
43757;36696 Ezekiel River;;Dooleytown;5;15349;206
7929;714 Johnathan Garden;;West Carminetown;8;79000;207
36523;88532 Maynard Lane;;Effiemouth;6;90056-8890;208
44360;831 Hammes Inlet;;Luigihaven;4;86203-2318;209
47474;485 Sauer Glen;;Aydenmouth;1;27789;210
24916;9096 Genesis Square;;Matildastad;6;12820;211
31821;9032 Heaney Green;;Port Barrett;6;85548-9514;212
20842;01790 Kutch Bridge;;Howellton;8;98543-7288;213
34650;8642 Jaylon Street;;Barbarashire;6;26623;214
38866;61366 Gaylord Estates;;Giuseppestad;1;31336;215
28201;9586 Hilma Expressway;;Schoenstad;1;49837;216
10285;527 Beulah Skyway;;New Llewellyn;6;72618-3594;217
15592;83338 Andreane Village;;Wildermanton;9;78849-3589;218
46501;3959 Jacey Manors;;MacGyverville;2;54415-0174;219
34694;895 Hartmann Avenue;;Hammesbury;8;47977-8740;220
8386;07952 Hettinger Port;;Kristinside;5;63308;221
12023;140 Hollis Ferry;;Runteborough;7;47786-4988;222
47736;270 Schumm Mews;;Adrianchester;6;74604-3368;223
46642;9910 Thompson Street;;North Ervin;4;26590;224
4661;09673 Rowe Ways;;North Estrellashire;10;32135-9206;225
3471;44592 Forrest Lock;;Goyetteside;10;63943-6570;226
7399;66555 Jacquelyn Crossroad;;Medamouth;9;29410-3037;227
19137;532 Raphaelle Pine;;Calefurt;4;59575;228
42788;00189 Ferry Turnpike;;Bridgetteport;9;26545;229
31939;724 Green Isle;;West Lennahaven;9;82252-8613;230
24788;483 Stamm Causeway;;Jessikaville;1;47080-2223;231
12897;404 Tate Pine;;Port Jasonfurt;10;61165;232
44147;900 Trevor Tunnel;;East Annie;2;22933;233
32764;0273 Kerluke Route;;Shawnafort;9;72698-4217;234
6959;863 Swift Ways;;Geovannyville;1;01107-3613;235
49106;698 Jadyn Corners;;West Jaime;6;82578;236
33661;79495 Ashtyn Islands;;South Kathleen;5;63145-6902;237
44697;658 Sadye Ports;;Margarettaland;10;59874;238
28839;3140 Harry Inlet;;North Heavenside;8;20224;239
47473;62633 Rylee Garden;;Kellyport;10;01026-5118;240
22170;7935 Watsica Oval;;Lonzohaven;3;51554;241
3118;9026 Mante Mall;;Justiceborough;10;25578-7162;242
30501;8509 Beau Walks;;Port Onie;8;30931-5342;243
13022;560 Schneider Drive;;West Lafayettechester;10;79854;244
34978;4347 Jaren Valley;;Port Jarodshire;3;48149;245
47804;19669 Marc Cliffs;;Pfannerstillfort;7;34849-9897;246
39097;88874 Walker Curve;;East Omerland;2;00995;247
10970;3934 Bednar Islands;;Lubowitzhaven;8;63748;248
33150;06514 Stoltenberg Motorway;;Port Einarstad;3;50403;249
9591;01825 Little Mill;;South Maximilian;4;39225;250
7080;4788 Katharina Crossroad;;North Emory;10;50742;251
32288;71091 Lowe Pike;;Eddiestad;9;77727;252
42830;095 Keven Trail;;Louisaland;9;53040-3439;253
6028;7969 Natalie Wall;;New Kelley;9;75613;254
22025;97728 Leanne Ports;;Darrinburgh;6;97259;255
20541;108 Khalil Field;;Ramiroside;2;06653;256
30576;0602 Tyson Points;;Luettgenhaven;1;90171;257
47434;5334 Stanton Cove;;New Vaughnchester;4;79389-1949;258
8511;8934 Pat Wall;;Marjorieport;1;10049-6785;259
46311;6927 Andres Fork;;Lake Sofia;2;84057;260
49636;643 Lyla Cove;;Croninview;6;83044;261
46592;6891 Connelly Inlet;;East Bernieceville;1;28554;262
16261;070 Christelle Route;;South Ladariusborough;6;72213-2696;263
7099;0645 Fritz Corner;;Friedatown;6;34526-5515;264
36107;962 Marta Road;;Demarioberg;6;38825-0105;265
42284;52891 Luna Crest;;Lake Javier;5;61688-1979;266
10678;0259 Eugenia Greens;;West Simfurt;10;26384;267
39003;39523 Lebsack Route;;South Maureen;3;78643;268
13838;5601 Bernardo Knolls;;Daleville;1;13847-5768;269
28219;9946 Lavonne Burg;;Juniuschester;3;69471-5336;270
26740;444 Elmore Tunnel;;South Adeline;7;03965;271
43386;7167 Evie Extension;;Port Libby;4;94269-9828;272
218;53594 Conn Lodge;;Goyetteberg;1;14399;273
49552;5203 Isom Station;;Francescoville;6;74928;274
19464;3193 Trantow Branch;;Schneiderburgh;8;59921;275
17906;832 McGlynn Parks;;South Brennatown;5;73693-7889;276
15262;4328 Yundt Coves;;Port Makenna;7;76524-2590;277
4635;95407 Seamus Brook;;South Madisen;2;48562;278
47338;4029 Carmel Lake;;Port Hardy;7;68160;279
40782;511 Kathlyn Mews;;New Juwanview;3;28416-7579;280
8058;240 Cornelius Fort;;Lake Daxchester;6;17102;281
42352;4750 Sedrick Rapid;;Port Sisterstad;10;44831-2521;282
38213;597 Hegmann Shoals;;Herminiotown;1;49963-6109;283
15721;60796 Schneider Summit;;South Casperland;7;10282;284
3360;741 Kolby Light;;Greenberg;6;22260-9589;285
76;2584 Donnie Mountain;;Schuppeville;8;97780;286
11306;15974 Axel Plaza;;Lailahaven;4;81544;287
21234;18085 Vandervort Path;;Lake Kelton;5;31769;288
49428;670 Coleman Row;;Harristown;4;50430-1730;289
39555;90416 Feeney Lane;;Kuhlmanchester;6;15078-4974;290
16874;7149 Kevin Drives;;Port Myrtie;4;08436;291
12047;40527 Kulas Valleys;;North Yazminton;4;88085-4579;292
11696;114 Shanelle Inlet;;Cristinaville;6;43626-7200;293
22697;866 Queenie Cliffs;;Lake Christianaport;6;69245;294
3726;32853 Maggie Crossing;;Keyonchester;4;05935;295
2911;496 Jed Grove;;Carlohaven;10;62355-2596;296
25440;85613 Eugenia Forks;;New Davonte;1;48254;297
43883;7311 Jamison Extension;;West Florencioshire;2;96358-5793;298
17208;9732 McClure Mills;;West Modestobury;3;04227-5019;299
42334;665 Coy Light;;Kesslerchester;4;97854-2439;300
48753;522 Bethany Station;;Mellieport;3;19297;301
14337;367 Rutherford Corner;;Dickichester;8;67275-5600;302
1600;2480 Carli Heights;;Leilaside;10;39075-4442;303
11988;8494 Carroll Inlet;;Susiebury;9;41519-0381;304
48229;42703 Tillman Inlet;;Lake Weldonmouth;6;97683;305
10706;522 Marquardt Extensions;;North Leopoldoland;1;71034-9644;306
47570;779 Sigurd Landing;;Port Carleton;7;39210;307
30579;0696 Beahan Isle;;Turnerborough;9;21223-5319;308
21308;97232 Gust Plains;;Hyattland;1;69484;309
35105;29652 Jessica Track;;Collinsbury;4;05437;310
30539;79332 Boyle Rapids;;Borerberg;5;59476;311
5331;615 Robel Light;;Henriside;8;71646-4414;312
36261;437 Onie Station;;Leschstad;6;85241;313
42068;3598 Rohan Alley;;Vicentetown;1;02089;314
30274;85579 DuBuque Manor;;Sibylshire;3;97565;315
1473;528 Mohr Key;;Autumnhaven;3;06507;316
47286;047 Richie Station;;North Lizeth;3;03503-1083;317
47487;57543 Tromp Orchard;;Lake Irwin;9;82396;318
37744;353 Crona Island;;Langworthview;9;69427-5382;319
35335;7535 Goodwin Bypass;;South Quintonview;10;85393;320
19135;322 Curtis Freeway;;Feltonport;1;10171;321
12674;290 Susie Extension;;New Verniceshire;5;68403;322
6141;0428 Cummings Ridge;;Larkinmouth;3;26880-2456;323
42101;59854 Jeffrey Square;;Theofurt;2;07187-6996;324
27021;7955 Pfannerstill Landing;;Labadieville;5;26484;325
1640;33400 Name Cove;;O'Connellshire;5;82885-2913;326
24500;9965 Nicolette Spring;;Feilton;9;10967-3429;327
29742;8230 Kessler Rue;;Stephanytown;8;20972;328
25428;710 Beier Park;;Wilhelmhaven;2;33914-4920;329
24360;8723 Mara Circle;;Maudieport;4;18868;330
27367;43313 Zboncak Pike;;Anabellechester;1;58480;331
12984;5595 Rosalee Fork;;Yesseniaside;8;80054-6646;332
40751;35172 Kiel Square;;Spencerburgh;9;24311-3270;333
30065;6688 Alexys Isle;;Darrellview;10;60532-1764;334
1250;74198 Eldred Court;;New Geovanybury;3;18210;335
37362;46307 Kessler Mountains;;Doylemouth;5;80732;336
26260;4441 Jaron Greens;;Shanonshire;5;32171-4861;337
28701;820 Vance Park;;Zemlakshire;8;44012;338
19433;10882 Rowe Harbors;;North Pietro;10;69061-7839;339
20605;11146 Ferry Manors;;Lake Gregg;9;70202-2696;340
31690;6646 Jaskolski Points;;Lunafurt;8;68709;341
14630;05674 Volkman Squares;;New Flomouth;1;26428;342
26341;908 Pagac Squares;;Nikitaton;3;79015-7187;343
29068;0060 Wilkinson Roads;;West Henry;3;50560-5834;344
34033;4768 Padberg Motorway;;Shanelton;1;16508;345
34309;77556 Gorczany Lock;;North Anthonyville;9;99241;346
42556;65875 Grady Corners;;Fritschborough;2;44025-5954;347
11852;6665 Jaquelin Radial;;Kuhnhaven;6;63610-1590;348
7044;56789 Waelchi Mountain;;East Celiamouth;3;61277-2180;349
38996;2093 Janet Square;;Muellerport;1;32084;350
6901;87769 Hand Knolls;;Connville;3;14041;351
38575;9514 Faustino Walks;;South Justusfurt;3;00149-3661;352
1496;9709 Rosanna Locks;;Port Giuseppefort;7;75042-3932;353
24620;002 Randy Shoal;;Stoltenbergton;1;34311-9946;354
8155;17185 Crooks Ways;;West Bernadettemouth;5;99077-9388;355
26731;7413 Quigley Prairie;;Rempelhaven;8;92986;356
41523;544 Rolfson Common;;New Ahmadstad;5;54768;357
27979;31691 Joannie Wells;;East Randiborough;10;86396-1506;358
24978;31519 Walter Stream;;North Koby;6;58813;359
4685;473 Eleanore Oval;;South Tannerland;2;16863-5510;360
38539;81495 Schaden Crossroad;;Lake Abeshire;6;05071;361
48849;045 Graham Haven;;Kingview;8;79771;362
34480;66940 Grant Mews;;Lake Soniatown;2;23809-4963;363
43715;091 Effertz Road;;Ferrymouth;6;41474-1787;364
31151;0954 Garett Summit;;New Bethel;1;92411-8875;365
29410;5358 Kessler Heights;;South Laurymouth;5;81510;366
24107;201 Pearl Mill;;New Muhammad;4;72601;367
25632;827 Corwin Greens;;Runolfsdottirburgh;10;99783-5683;368
42213;9463 Gabe Parkways;;North Britneyville;10;45159;369
38372;6260 Aubree Village;;New Ruth;3;73129;370
16740;7412 Chasity Canyon;;West Emelyside;10;15884-7315;371
2797;18052 Bauch Camp;;Niaberg;5;94651-9864;372
47038;5639 Zemlak Canyon;;Lake Sisterton;2;71255-3660;373
2081;37697 Volkman Ridges;;Franeckibury;3;38627-1303;374
39479;048 Cummerata Trafficway;;New Kirstinborough;5;55342-6629;375
36026;158 Breitenberg Valleys;;Vernershire;1;86854;376
12188;6666 Metz Path;;West Ettiemouth;2;89405-2313;377
6008;1985 Kutch Mountains;;Port Emile;2;78075-8026;378
43988;121 Ernestine Row;;Port Alberthaborough;4;74802;379
41040;8146 Darrin Station;;Thereseberg;6;63924;380
45783;610 Kade Forest;;Port Demarcusbury;5;39928;381
35101;3208 Will Fords;;Norbertbury;8;67102;382
11051;285 Parker Coves;;West Noemie;7;00381;383
44619;611 Cierra Hills;;Powlowskimouth;4;49236-4238;384
6598;496 Torrey Ways;;Tyshawnview;7;60068;385
36100;484 Gonzalo Via;;Port Kirk;8;13285-3038;386
42319;0803 Pfannerstill Walk;;Port Eloy;10;61188;387
33668;800 Gaston Inlet;;Lake Laurie;7;35313-2564;388
35705;977 Aliza Trail;;New Doraberg;10;04891;389
1742;29021 Delphia Mountain;;Lake Otis;5;17477;390
15523;076 Kihn Vista;;New August;5;52393;391
22395;11871 Claire Track;;Wardborough;7;10893-6172;392
26167;5783 Sanford Run;;New Joelburgh;10;32072;393
1801;873 Hellen Street;;East Hermannborough;1;70348;394
45562;211 Buck Summit;;West Payton;3;40917-2058;395
27975;04861 Schroeder Springs;;West Efren;7;45972-1654;396
33652;5705 Schoen Junction;;Lefflermouth;3;34891-8191;397
14144;7107 Mosciski River;;Betteburgh;5;79135;398
20456;1346 Gaetano Forest;;Leuschkeborough;10;55849;399
41695;335 Abshire Summit;;Haneborough;9;15534-0897;400
47221;62290 Gaylord Views;;West Salvatoreport;9;52110-9492;401
42596;893 Orpha Village;;Port Rodport;7;57910;402
36601;85381 Wilderman Loop;;East Hankview;2;60638-1104;403
38086;612 Lucio Isle;;West Dexter;8;05885;404
31433;9686 Mitchell Ports;;West Juliusburgh;3;47601-1740;405
29856;87727 Halvorson Street;;Bernierton;7;27728-4047;406
48386;41138 Jesse Circle;;Kulasview;7;50831;407
37008;86975 Cummerata Parks;;Hilariotown;5;50806;408
8050;17495 America Burgs;;Roobtown;6;60132;409
39636;606 Marlen Rue;;East Ameliestad;2;53832;410
8113;8084 Breitenberg Harbor;;Westhaven;10;65364;411
41170;82659 Gennaro Station;;Greenholtport;6;78371;412
32680;86769 Hackett Walk;;South Ross;8;53238-2203;413
47701;05371 Homenick Mission;;South Efren;9;48407-1992;414
12640;68738 Jerde Green;;Bauchview;2;29856;415
29844;231 Jamison Camp;;Lake Erlingside;6;26818;416
24994;293 Myrtie Plains;;Crooksfurt;8;02622;417
1691;31405 Mercedes Station;;Port Goldenfort;10;33971-8399;418
1478;92531 Rosina Ports;;South Sabryna;5;52313;419
45138;8883 Xzavier Ranch;;Tillmanview;7;08477;420
24397;940 Jillian Locks;;Margareteville;10;26739;421
23530;679 Flatley Village;;Stanville;3;35630-3283;422
42669;8923 Deondre Fall;;New Ransomberg;9;40062;423
6403;1055 Walter Ridges;;Lake Ciarabury;8;48302;424
4979;324 Theodora Manors;;Cronintown;1;24498;425
41021;737 Glenda Vista;;Marcelinohaven;10;35851-3496;426
36909;9334 Myah Garden;;New Ubaldo;6;00837;427
48637;83468 Roel Parkways;;Spinkatown;7;97051-9171;428
32474;8861 Frami Parks;;D'Amorefort;3;61840-1681;429
45623;73073 Veum Ports;;South Ibrahimburgh;1;53304;430
3564;105 Hahn Track;;New Joyfurt;6;64983-6823;431
38791;048 Howe Street;;Herzogland;7;33519;432
26639;51180 Conroy Cliffs;;South Tristinmouth;6;85257;433
14331;17611 Rosanna Wall;;North Hermanborough;8;56954-4611;434
48294;215 Greenfelder Loop;;Walshmouth;5;30849;435
2113;034 Hartmann Land;;East Chesleyland;5;02156-1441;436
4423;367 Logan Motorway;;Blandaberg;10;95382;437
10369;94822 Rachelle Inlet;;South Oranside;10;40034-6985;438
41;463 Duane Field;;West Selenaton;5;54394;439
15544;9175 Wyatt Shore;;Watersborough;5;93370-3968;440
12739;35168 Pietro Spurs;;Greggton;8;96630;441
36579;09879 Kertzmann Well;;Klockochester;6;84485-1658;442
37363;31774 Friedrich Dale;;Borertown;8;72142;443
1842;330 Streich Ridge;;Cydneychester;6;12420;444
24882;627 Crooks Ridges;;Vincenzaville;3;12131-3364;445
37812;692 Madeline Lodge;;Bashirianhaven;10;35498-5730;446
7483;49999 Rau Hills;;North Kailyntown;4;60056;447
49157;637 Yasmin Greens;;New Eldafurt;3;63752-9650;448
31857;0129 Gleason Ranch;;South Giovannaborough;4;64066;449
47997;82926 Efren Squares;;West Ned;7;71748;450
4406;09900 Hermann Shore;;South Regantown;6;53024-7719;451
25441;6527 Juanita Green;;South Fredricktown;9;82834;452
46090;2367 Olson Fort;;Johathanland;4;87974;453
45658;86064 Kemmer Spurs;;Davischester;4;97069;454
6316;0605 Fisher Spurs;;Walterhaven;7;59519-9660;455
23298;48188 Anderson Mall;;Kuphalchester;5;27425-8417;456
2541;3974 Moses Center;;Ritchiechester;4;78101-2266;457
31206;68785 Mraz Club;;Lake Jenniferburgh;2;53681;458
39758;9049 Deion Harbor;;East Sigurd;6;04772;459
8352;6543 Hilll Keys;;Kuhicport;3;57624;460
42022;0675 Gusikowski Squares;;Eddiestad;7;07427;461
39844;147 Ruecker Village;;Ziemeside;6;46877;462
49603;2375 Lesley Ports;;East Jon;7;24362;463
34677;95821 Tre Hills;;Port Liamview;3;42642-6045;464
8159;659 Leannon Falls;;Port Kayceeport;2;49831;465
46100;82989 Quigley Tunnel;;Jarrellhaven;3;31026-1351;466
19537;2994 Walter Junction;;Port Arelystad;3;58242-6848;467
3752;279 Demond Vista;;West Enid;7;76888-4257;468
49671;34362 Dejuan Trail;;Port Gideon;6;64628-2383;469
39215;9322 Murray Mall;;New Andresport;4;90120-3513;470
44063;09313 Bogan Point;;Labadieport;1;94618;471
19802;25367 Bertrand Plains;;New Leorastad;9;81650;472
39301;3541 Schulist Land;;West Aidenview;1;66391-1161;473
18766;420 Vance Springs;;West Jimmie;7;61006;474
19073;6999 Guy Valley;;Gutmannchester;2;66537;475
4429;1468 Frederic Orchard;;East Evert;7;46440-5177;476
17465;9088 Keeling Gateway;;Lake Christoptown;2;56628;477
16946;13101 Steuber Manors;;Port Jonathonside;5;41482-8540;478
28868;10074 Myah Drive;;East Leanna;3;92111-8899;479
14141;7466 Johanna View;;Verniceview;5;20493-0346;480
33019;88812 Collins Burgs;;Lake Lonieland;1;91380;481
21594;464 Kennedy Rapid;;South Bill;9;69605-3880;482
19536;3459 Beer Keys;;West Torey;6;54978;483
3295;161 Hand Locks;;Ernserview;5;78749-1321;484
14239;879 Cullen Road;;Alfonzohaven;6;50350;485
45679;8264 Neva Extension;;East Maybell;1;49396-6242;486
4103;547 Aracely Skyway;;New Darrenhaven;7;55816-1398;487
47088;74858 Keebler Mill;;Eunahaven;4;50523-7147;488
14961;54225 Ofelia Valley;;Kaceyborough;1;80760;489
25805;613 Kuhn Avenue;;North Jaidenberg;3;76245;490
48913;6321 Kertzmann Well;;Wiltonview;7;59699-2127;491
24303;33915 Emard Land;;Port Carolyne;3;49785;492
16534;78276 Macejkovic Motorway;;Lake Mia;7;26947-5306;493
27066;8828 Raynor Drive;;North Wendy;1;17399;494
9756;7417 Rosalinda Island;;West Lavon;9;75231;495
26880;05836 Watsica Walk;;Lake Rosa;8;12282;496
49866;1909 Mara Parkways;;South Julianne;2;03177-8277;497
30842;604 Lueilwitz Vista;;Breitenbergshire;6;98136;498
24774;72314 Fern Stream;;Merrittburgh;4;54263-0355;499
13971;8342 Ned Flats;;Port Monica;5;36048;500
42724;954 Trantow Lodge;;Stacyview;7;86614-8215;501
2241;60045 Keenan Passage;;North Gwen;10;17101-9342;502
1720;427 Luisa Village;;South Wilhelmine;3;60670;503
2767;914 Nichole Route;;New Arianehaven;3;66085;504
338;49916 Levi Prairie;;Nicolabury;8;90646;505
19947;56011 Goldner Gateway;;Chadborough;6;69952-1411;506
2898;554 Tremaine Bypass;;West Twila;6;42560-6820;507
36763;35145 Schmeler Tunnel;;Pfefferchester;1;75436-9931;508
14357;0621 Larkin Court;;Gerholdhaven;8;64871-1099;509
40155;4019 Fisher Flats;;Greenholtmouth;8;10297;510
46791;709 Schmidt Plaza;;Margarettaton;8;81660-1722;511
9385;071 Kailey Island;;Myronview;9;99574;512
14926;266 Neoma Walk;;Fadeltown;6;56147;513
42087;62243 Gislason Fort;;Port Mariannemouth;6;93851;514
2818;92960 Haylie Track;;Elnoraberg;7;68740-6061;515
43868;114 Amparo Mission;;Vicentaborough;10;53984-8739;516
1224;5151 Rohan Ranch;;Paucekhaven;8;33471-5539;517
30117;241 Bettye Spur;;South Houstonstad;4;77894-3325;518
18397;8836 Swift Route;;Merlefort;6;19559;519
6034;737 Pansy Locks;;Joycestad;7;74617;520
4379;757 Lorenzo Passage;;Hammesbury;10;57940;521
24860;48935 Stanton Dam;;North Carolanne;1;26175-8065;522
25357;595 Tavares Manor;;Humbertoland;1;61434;523
2942;6902 Gregorio Knolls;;Kaileeside;1;96268-2196;524
40336;86515 Armstrong Bridge;;New Layla;4;79991;525
45537;98374 Deckow Lights;;Tyshawnhaven;10;42408-9308;526
35984;9586 Tremblay Squares;;New Myahtown;5;83600;527
28689;85178 Stoltenberg Meadows;;North Lonie;5;07528-1539;528
23810;632 Mario Locks;;Port Damien;9;29956-1249;529
4598;3428 Zulauf Estate;;East Stewarttown;5;81167;530
5518;190 Murray Field;;South Martine;1;00163;531
43884;952 Cummings Villages;;Wuckerttown;9;62076-4625;532
648;7827 Wiza Shoal;;South Tamiastad;2;27866-3447;533
3587;942 Ernie Branch;;Rachelburgh;10;11267-4978;534
31465;61997 Wehner Plaza;;North Eladioville;2;78031-8384;535
45034;48427 Gusikowski Key;;Ritaville;3;80160;536
14419;39755 Schmidt Islands;;Nienowport;1;78472-8446;537
35523;900 Anna Inlet;;Norwoodfort;6;96651-7287;538
440;5663 Greenfelder Grove;;Langfurt;3;68477-5230;539
16542;1348 Bernier Flats;;West Emilstad;10;41622-0442;540
14919;3008 Cole Brooks;;Bartolettiberg;9;03065;541
41909;5669 Keara Vista;;Uptonville;5;38280;542
26643;3112 Schumm Forest;;New Brennaland;8;58775;543
26983;77145 Reinger Valley;;Port Quinnburgh;3;19058;544
14538;0671 Mauricio Freeway;;Port Camrenton;7;90865-6994;545
33448;44708 Cornell Tunnel;;South Jerome;10;97886;546
43624;5307 Mertz Village;;West Brandy;6;27711;547
3046;64377 Elvis Cliffs;;Bartellfurt;4;57591-1938;548
8325;338 Bernier Manors;;Glennieton;5;44099;549
48087;953 Barrett Trace;;Jenkinsbury;4;28567-6494;550
39808;6945 MacGyver Highway;;Zulaufborough;2;73505;551
4250;731 Reba Meadows;;Port Lucianoport;9;86378-0345;552
40807;6708 Claudine Ranch;;Charitychester;10;29283-7469;553
21067;143 Crist Rue;;Marinamouth;7;93161;554
35323;561 Crona Courts;;South Flaviefort;5;57793;555
30246;94425 Fermin Court;;Hollisville;3;53480-3825;556
11454;44245 Antoinette Garden;;West Natalie;7;41011;557
48413;461 Quigley Passage;;Deckowside;8;80499-4198;558
45884;591 Mayra Club;;Noeside;8;33248;559
20527;4480 Mya Way;;New Sylviabury;8;81283;560
33056;320 Nikolaus Ridge;;East Alda;9;61372;561
47587;69840 Wolf Turnpike;;Floborough;9;15291-6312;562
7442;5329 Reichert Flats;;Gleichnerview;6;31305-5889;563
27433;829 Gerhold Lakes;;Lake Jonathan;9;15404-4292;564
32037;188 Myrtis Drive;;Blockside;3;56966;565
7505;605 Valentina Lodge;;Port Elianborough;5;28177;566
13606;56465 Zackary Lodge;;New Shawn;4;10941;567
24814;891 Mueller Roads;;Haileychester;3;50011-0444;568
10270;43063 Susie Plaza;;South Mckayla;8;65403-6403;569
9883;1087 Nikolaus Ramp;;Kreigerchester;2;13334-6499;570
5971;48652 Hintz Crescent;;New Natasha;1;06888-3818;571
49532;015 Strosin Springs;;Weimannfurt;6;29432-7595;572
37791;7651 Reilly Stravenue;;South Doyle;5;99135;573
32986;851 Elnora Meadow;;Skilestown;10;07488-9660;574
23350;681 Krajcik Stream;;Gislasonborough;5;93385-5985;575
20314;7636 Brody Row;;Lorenzastad;5;07489-6039;576
30746;1067 Immanuel Fork;;Port Cynthiaview;2;63287;577
31443;2636 McCullough Light;;East Eliezer;5;60957;578
21827;251 Rath Highway;;Kirkmouth;9;96381-0506;579
9548;53027 Alycia Prairie;;Demarioport;3;89476-0785;580
16852;726 Mateo Mills;;West Barthaven;5;19691-2660;581
196;732 Mills Plaza;;Lake Renee;3;78303-1050;582
28700;8745 Augusta Garden;;Goodwinstad;9;58120-7129;583
10324;505 Schoen Overpass;;Millsview;8;80920;584
44819;964 Dicki Crossroad;;Gorczanymouth;4;30411;585
33371;76750 Alayna Ramp;;Betsyburgh;5;28546-2868;586
47854;9910 Frami Lodge;;West Adolfofurt;8;24904-0495;587
2344;81258 Stehr Knolls;;North Lupe;1;66014;588
11651;919 Bertha Ways;;New Lilianafort;8;45777-7102;589
20322;254 Kohler Corners;;Schambergerburgh;2;49915-4055;590
15021;1408 Dietrich Points;;South Lessieshire;3;90537;591
26128;7737 Johns Mission;;Andersonbury;9;59762;592
40791;8828 Demetrius Islands;;East Hellen;7;80070;593
39986;458 Deon Cliff;;North Rhiannastad;8;38630;594
26655;55064 Paula Forges;;Rosenbaumside;2;79217;595
23717;1882 Donnelly Passage;;New Ginotown;7;29488;596
38784;45268 Veum Crest;;North Armandoburgh;6;67169;597
23556;095 Naomie Parkways;;Handburgh;5;90114;598
10275;05530 Kirlin Harbor;;Jamilchester;3;94137-1924;599
2166;12622 Luis Trail;;Lake Tesshaven;8;23453;600
43254;896 Nienow Hill;;Port Sydnee;2;52500-1896;601
7143;6532 Bergstrom Ranch;;Port Lailahaven;10;51112;602
7744;68733 Frami Stravenue;;Vandervortport;2;50589-0921;603
6421;091 Keeling Drive;;Hintzview;8;78138-3697;604
16456;34682 Bogisich Burg;;West Vernietown;10;93597-0671;605
28837;23918 Fay Fords;;Stoltenbergside;10;05947;606
11087;02921 Legros Valleys;;West Bella;10;97205-3782;607
39701;1962 Roberto Mews;;Langworthburgh;6;39829;608
35827;73010 Jonatan Greens;;O'Haraburgh;2;73303;609
5656;1853 Johns Shoal;;North Darrylbury;1;50251-1865;610
5891;70212 Price Creek;;East Lydiashire;1;55945-5818;611
8681;184 Linda Greens;;Charlesport;5;02453;612
41502;722 Jenkins Via;;Champlinberg;5;57104;613
29687;371 Clint Corners;;Schuppeburgh;2;94353-5059;614
30296;42845 Richie Ramp;;South Kip;2;87794;615
42411;0356 Wyman Path;;Loweshire;1;54792-7516;616
18994;674 Kuhlman Manors;;Maribelfurt;3;90211;617
11910;82448 Effertz Land;;Jimmyview;5;89810-6916;618
34220;3869 Rath Course;;Rennershire;2;78636-2343;619
47226;39691 Cormier Mills;;Burleytown;10;47620;620
10872;007 Nella Street;;East Emie;3;39984;621
41325;6630 Madilyn Crossroad;;North Kianland;10;55701;622
40519;376 Osborne Inlet;;Reynashire;9;14812-2426;623
14853;43562 Howe Shoal;;Port Audrey;7;84788;624
40243;37287 Erdman Burgs;;Lelahville;6;65000-4683;625
7653;92993 Witting Springs;;Lake Kearafurt;8;22987;626
44374;6816 Weber Lakes;;West Hilarioburgh;7;68725;627
24771;77911 Ruben Drive;;Pagacmouth;4;66209;628
2217;573 Juvenal Ferry;;South Loy;10;41576-9638;629
45334;075 Amira Isle;;Lake Kris;1;80370;630
12401;36428 Haag Island;;Hodkiewiczville;5;06029-2585;631
4760;27829 Garry Road;;Zulaufborough;2;84477;632
32985;68649 Romaguera Via;;New Darrel;9;08566-5947;633
39432;852 Lindgren Corners;;East Jacinto;4;95517;634
24321;251 Okuneva Village;;Oswaldotown;5;65910;635
44431;0046 Bins Forks;;Bergefurt;4;27540;636
32373;24668 Greenholt Rue;;West Maryamville;5;69140;637
29812;725 Brakus Ranch;;South Pollyton;7;25094;638
27471;90023 Keeling Mill;;South Meda;9;81309;639
46877;309 Ruecker Ports;;New Vernonton;6;45247-1272;640
25780;439 Gutmann Terrace;;Koeppstad;1;96458-9776;641
24610;724 Greenholt Lock;;South Cristina;10;75912-9473;642
41058;66661 Hilario Mission;;Hicklebury;5;05757-2006;643
30108;53778 Rohan Glen;;West Henrietteville;6;05083;644
34281;8194 Asa Way;;Torphymouth;5;28988-6495;645
39049;580 Breana Loaf;;Rosalindamouth;2;78345-4433;646
20606;54224 Satterfield Squares;;Lubowitzshire;6;25380;647
1164;8705 Lueilwitz Inlet;;Lake Raul;2;58478-0004;648
28914;0154 Allen Place;;West Antoinette;8;63316;649
18535;566 Daniel Forks;;Leschberg;9;13157;650
46888;421 Meggie Orchard;;New Omaburgh;6;59040;651
7050;7691 Lakin Cliffs;;West Hassie;7;68676;652
31551;7047 Kitty Vista;;Lake Bell;6;72831;653
935;052 Bosco River;;Port Jovan;8;77862-5293;654
7598;11928 McLaughlin Oval;;East Yolanda;9;11600-5106;655
4770;637 Bailey Parkways;;Dameonland;9;12843-2623;656
18081;5774 Aurelie Lakes;;Walkerchester;9;81785;657
37789;074 Johnston Mountain;;Daynetown;9;80009;658
3813;68521 Smith Loaf;;Octaviaview;10;33761;659
3012;84232 Nick Mission;;Lake Wendellbury;7;69327;660
10661;5417 Jacobi Summit;;Bartonborough;6;72395-5478;661
36189;253 Hermann Causeway;;West Muhammadmouth;5;77533;662
25157;489 White Manors;;Thurmanview;9;43658;663
35585;7017 Harmon Place;;East Reesefort;10;16339;664
4034;0396 O'Kon Hollow;;Lake Lillianatown;4;13518-9719;665
6054;599 Bradtke Road;;Sydniemouth;6;51332;666
35960;5600 Hermiston Way;;Terrilltown;7;94968-9248;667
30263;601 Oral Pass;;Langoshtown;2;21050;668
11389;55588 Wyman Points;;Port Othaburgh;1;87011;669
32461;23891 Merl Lake;;South Oral;10;41495-2869;670
25857;6145 Wintheiser Bypass;;Dashawnburgh;9;24282;671
36938;99136 Woodrow Flats;;West Hannahville;9;57330;672
22348;542 Peter Cove;;East Helena;6;56597-2506;673
19888;509 Vivienne Isle;;Camrynfort;6;56447-2955;674
45750;610 D'Amore Keys;;Abigailhaven;2;78011-8441;675
12705;09953 Murazik Expressway;;Hartmannfurt;3;39435-2314;676
7449;4402 Murray Cliff;;Lefflerport;10;20410-4808;677
42408;822 Domenick Curve;;West Verna;2;13376;678
6835;4924 Reid Points;;East Cathyside;5;98982-5742;679
21648;510 Durgan Knolls;;Heberland;1;57496;680
16616;61936 VonRueden Crest;;Noratown;9;63733;681
42595;0230 Gleichner Ranch;;New Leone;4;72815-7829;682
30321;56029 Bechtelar Row;;Benbury;4;23457;683
44823;24770 Ferry Haven;;West Hans;4;38259;684
44812;48166 Jovany Green;;Turcotteton;10;22391-5383;685
7016;53886 Orn Wells;;West Hubertberg;5;59508-8049;686
10453;88521 Moore Corner;;Elissaview;2;77175-3232;687
44796;6125 Logan Forest;;Leslietown;1;59035-3229;688
18254;183 Pfannerstill Run;;Tonishire;10;62603;689
18562;867 Cecile Estates;;Tillmanland;9;63647;690
11328;977 Ambrose Plaza;;Cadeburgh;4;72508-4827;691
8066;2572 Abbott Stravenue;;New Mabelleville;4;62550-2638;692
14220;90513 Feil Spurs;;Schmidtview;5;00729-5464;693
15909;7720 Justice Island;;New Emersonfort;8;61363;694
25418;121 Lawrence Ports;;Hartmannshire;9;09743;695
26966;38351 Demetrius Isle;;Lednerland;9;80536-6678;696
17716;90667 Pfannerstill Squares;;South Kole;4;79143;697
12217;53712 Neoma Greens;;Lake Dewayne;2;81353-4510;698
37498;904 Una Haven;;Harveyborough;1;93463-0798;699
32786;7944 Funk Cape;;Port Blanca;10;15379-2954;700
20280;90573 Archibald Manor;;Dickiview;8;40145;701
28550;2653 Breitenberg Glens;;Aliyahshire;9;48191;702
2349;9081 Nels Alley;;Port Imahaven;2;22775-5495;703
42063;76753 Joany Canyon;;West Ignacioborough;4;36146-1137;704
30360;18557 Barrows Circles;;Kundemouth;8;75550-9552;705
25405;940 Jeffry Vista;;Juanashire;10;57885;706
44019;89443 Elsa Lights;;West Jonathonmouth;8;59934-3701;707
20858;9637 Buford Shores;;South Andreanne;4;84420;708
46807;467 Joannie Loop;;West Blake;3;55972-4042;709
27570;73988 Breitenberg Vista;;North Micaelachester;5;51505;710
11781;24131 Walsh Mews;;Mooreville;6;93950-9285;711
48448;7993 Hamill Forges;;Langland;10;95136-7465;712
35703;0785 Everett Radial;;Kendrickton;4;60707-3281;713
10570;599 Eleazar Coves;;Thielton;9;43133-4885;714
44918;0184 Tremblay Trail;;Marlenshire;2;92740;715
29892;01594 Blanda Hollow;;North Everardoton;8;32964-2265;716
3014;1618 Yundt Prairie;;Madisenfort;1;54784;717
9216;3085 Borer Stream;;New April;3;10781-2014;718
32500;03631 Darrell Parkways;;Lake Providenciton;7;08313-3731;719
15595;11754 Elza Branch;;North Kyraport;5;33473;720
8516;63524 Napoleon Crossing;;West Citlalli;2;09611-8628;721
16272;0776 Tremayne Canyon;;West Jessycafurt;2;53809;722
116;397 Lula Extensions;;Rosettaland;3;59353;723
16151;941 Fisher Isle;;Haleyport;1;46234;724
12085;87489 Kuhn Mountains;;Port Citlalli;4;20653-2399;725
6255;684 Annette Walks;;West Kelsie;10;92221-3429;726
9396;161 Michael Bypass;;West Trever;9;55157-7821;727
24066;669 Lueilwitz Light;;Daishashire;10;66050;728
7774;444 Carter Garden;;Moenhaven;3;61594;729
36626;35640 Kautzer Stravenue;;Lake Lamont;8;36025;730
9580;5013 Wilfred Isle;;Gottliebfurt;10;43513-6320;731
21387;3579 Keeling Bridge;;West Joanny;1;75328-7112;732
24248;166 Lon Streets;;Albertashire;5;81990-8337;733
27017;998 O'Connell Forge;;Wymanside;1;44014-1675;734
33162;02757 Antwon Vista;;New Annamarie;8;88069;735
8016;6103 Burdette Trace;;West Christophestad;10;72041-1519;736
33070;94829 Kovacek Isle;;West Raul;6;93438;737
36468;1762 Wisozk Forest;;Abigayleland;2;18882-7775;738
7020;308 Blick Stream;;East Mabel;5;56335;739
12866;6310 Elouise Ville;;Murazikview;1;65024;740
17436;86023 Aditya Freeway;;West Camillamouth;5;06676-7441;741
34486;67512 Cartwright Courts;;Susannatown;4;98104-8274;742
23655;275 Ortiz Passage;;New Tomasaport;3;79486-9941;743
22993;44143 Emerald Street;;Dickensshire;7;83936-7492;744
10330;9321 Sydnie Landing;;Lavonneside;6;66210;745
3909;96902 Will Track;;Moenton;2;23415-8358;746
16665;074 Cristian Gateway;;East Baby;8;02356;747
12344;108 Bins Mountains;;Abrahamview;4;74058-6692;748
26829;5318 Murl Turnpike;;East Dollyhaven;9;20845-3689;749
14647;598 Von Rapid;;Peggiefurt;7;14174;750
36236;195 Hudson Island;;Port Clarissaside;6;39182-1998;751
32876;783 Stark Grove;;Loymouth;9;74577;752
4690;61533 Bauch Route;;North Sophiefort;10;39231-5774;753
15695;255 Carroll Skyway;;West Carolmouth;1;16539-9677;754
7108;3322 Aditya Greens;;Albinfort;8;86898-7226;755
25127;830 Kemmer Road;;Bartonside;3;27588;756
34331;27897 Shaun Village;;New Brandoton;1;07639-2921;757
35034;631 Rempel Junctions;;Ricetown;2;27839;758
9910;612 Hilpert Squares;;Kunzechester;8;38354-4819;759
29413;24126 Wallace Ports;;South Olefort;5;07751;760
42187;7862 Roy Square;;Lake Clyde;9;35879-6375;761
886;8009 Immanuel Curve;;Farrellberg;5;91876-3628;762
24838;162 McLaughlin Freeway;;North Shyannfurt;7;21617-3293;763
33007;9855 Bergstrom Village;;Walkerville;5;81928-6939;764
24398;22896 Hermann Cliff;;Lake Ritaport;9;30248;765
47178;38256 Beahan Squares;;Simonisfurt;8;91563-0401;766
29707;2600 Rebeca Forks;;Boehmchester;1;00937-1376;767
41682;51178 Danielle Track;;East Raymundo;6;36441-5114;768
20757;1898 Lloyd Divide;;Morarland;10;36869;769
34375;92112 Bernier Trace;;Bauchchester;9;99628;770
9367;326 Wolff Court;;New Daynechester;8;98303;771
14911;3655 Travis Cliffs;;West Elbertville;3;48940-0771;772
44465;399 John Circle;;Marquesburgh;9;73086-2438;773
16761;1990 Claudie Summit;;South Ona;5;76147-4621;774
6595;15532 Madilyn Mount;;Angelinafurt;1;59419;775
29934;84793 Zachary Circle;;Bednarbury;4;85222-1473;776
4564;09425 Darwin Landing;;West Earnestland;7;93106;777
37231;716 Rippin Underpass;;Wymanberg;2;36339-3985;778
24267;376 Jast Stream;;Madysonshire;9;65465-1648;779
11999;420 Mitchel Villages;;Braxtonside;1;70267;780
10238;0989 Koelpin Rue;;North Jayceemouth;7;75833;781
43620;160 Dean Tunnel;;Weissnatville;7;70517;782
14668;5935 Christina Grove;;North Adan;7;34360-5520;783
10764;448 McGlynn Inlet;;South Marietta;8;35441-9451;784
42784;9559 Berneice Village;;West Filibertofurt;4;97639;785
38628;00524 Hintz Mission;;Sanfordtown;3;32520;786
13488;671 Luettgen Well;;East Vance;3;22086-9147;787
13223;392 Powlowski Way;;Lake Jannie;5;41438-6825;788
29192;3048 Kurtis Throughway;;West Halborough;7;51540;789
10602;844 Luettgen Dale;;Port Madelineshire;2;25346;790
1998;445 Lang Bypass;;Port Alanafurt;8;44115;791
39064;6589 Sallie Highway;;North Kaliborough;2;28237-1997;792
41544;29300 Berge Point;;Bashirianville;6;81869;793
10807;8172 Aliya Lakes;;Kundestad;3;95030;794
5766;78746 Hodkiewicz Throughway;;New Claudiaborough;9;09067-8573;795
6969;885 Raoul Isle;;Creminshire;6;65600;796
33014;3099 Telly View;;Lemkehaven;7;36700;797
11884;9398 Doyle Dale;;Port Giovaniborough;3;37941;798
43411;2815 Langosh Landing;;Port Dallas;2;38857-2105;799
36598;7679 Kuphal Tunnel;;Xzavierfurt;5;74807;800
20141;927 Brendan Locks;;West Elizabeth;1;37076;801
26893;74266 Collier Radial;;Auerfort;6;92090-2383;802
41823;1264 Ewell Station;;Lake Felixstad;2;07057-2565;803
19240;983 Rae Inlet;;East Amaraton;6;10793-8510;804
46480;3222 Sanford Loaf;;Thurmanfurt;7;23717;805
27330;455 Joey Knoll;;West Franz;9;17531;806
33673;279 Luettgen Row;;Port Adan;3;54602;807
7168;3668 Boyle Tunnel;;East Alvena;8;13325-7076;808
14387;3873 Leone Orchard;;Delfinaport;4;29336-5817;809
4375;943 Kirlin Center;;Lake Felicityton;4;89207-3169;810
24232;44420 Keebler Loaf;;East Tillman;4;17757;811
7417;704 Desmond Skyway;;Hardyview;1;87687;812
5913;7807 Gleichner Land;;Schuppefurt;3;22070-2619;813
18288;23347 Weimann Locks;;North Joanahaven;8;03566;814
13251;42292 Andreane Cliffs;;Lake Arnold;4;29127;815
14021;03612 Skiles Pines;;South Jaquan;10;61094;816
16099;42077 Welch Walks;;West Eugeneton;4;50789-8305;817
23604;751 Grady Port;;Lake Zitabury;4;84326;818
22687;1246 Catalina Points;;Alyciashire;5;35278;819
943;936 Christop Views;;North Keira;7;84574;820
45241;100 Kassulke Crescent;;Johnstontown;1;40820;821
18750;54079 Raymundo Courts;;Arvelmouth;6;60970;822
12957;979 Eliseo Pines;;New Ted;10;89968-6193;823
44447;0231 Steuber Lake;;Alessiachester;10;56189;824
6597;682 Barry Mount;;South Afton;1;59861;825
27195;8027 Garnet Drive;;Port Romaine;7;75401-2111;826
26862;8080 Arjun Circles;;Alfredoshire;10;57817;827
18445;2436 Spinka Village;;Arvidmouth;6;14801;828
10610;69107 Smith Mill;;Port Beulah;10;29824-4577;829
40948;592 Hane Walk;;Germanport;3;44845;830
18615;7498 Eileen Way;;Roobmouth;6;99725-8471;831
43189;79660 Andreane Mews;;East Weston;10;73160-1549;832
8492;38451 Evie Center;;Jeremiefort;3;47304;833
2507;40287 Myrtis Square;;Huelfurt;8;38705;834
8384;781 Breitenberg Streets;;Naomiberg;10;79558-3736;835
9729;615 Gutmann Ridges;;Port Genovevatown;4;08013;836
31805;64503 Gutkowski Motorway;;West Nicholas;10;80321-4110;837
46049;662 Farrell Station;;Jakubowskibury;9;63162-0215;838
20574;224 Catalina Shores;;Prohaskaborough;4;37501-3106;839
37980;302 Sallie Cape;;Ryanfurt;9;52742-1020;840
44061;469 Aida Forest;;Charleyburgh;4;28400;841
41462;6623 Spinka Junctions;;North Roxanne;7;82660;842
46905;4121 Bosco Spur;;Diamondborough;3;36856;843
28532;399 Mayer Inlet;;East Jadynton;5;43282;844
5626;05345 Jovan Pike;;Port Christystad;3;98021;845
13199;127 Jacques Track;;Kautzerton;6;32938;846
30701;8653 Dibbert Islands;;West Cody;7;45459-9322;847
43410;197 Bettye Meadows;;East Adellaview;2;31104;848
22963;14856 Meagan Dam;;North Savannahberg;4;29636-2468;849
25232;8888 Torp Circles;;West Alisonburgh;8;95366;850
1598;7120 Ashly Row;;Elenorstad;10;05515;851
12290;0251 Heathcote Groves;;New Hayden;7;45477-3146;852
6139;4159 Metz Square;;West Humbertofurt;10;60443;853
16212;71285 Winfield Lights;;Sylviatown;3;47805;854
45881;461 Ramiro Union;;New Nevaborough;3;47178;855
12833;794 Liliane Flats;;Port Magnus;7;31189;856
21832;74468 Jacobs Walks;;Lake Albinborough;5;74426-0740;857
22301;67726 Kirlin Falls;;Isadoreshire;8;71304;858
2716;656 Destin Creek;;Hermistonborough;8;53659;859
19526;49698 Ciara Shoal;;Lake Mae;8;25607-5048;860
14603;49750 Rosanna Courts;;Lueilwitzmouth;8;45927;861
20425;2885 Hills Shores;;West Jamelmouth;6;17921;862
14814;5386 Kevon Way;;Lorenzomouth;2;14196;863
42540;904 Vivian Terrace;;Jackborough;2;16920;864
35240;25083 Anna Branch;;West Monique;9;23525-3336;865
4181;436 Dominic Trail;;Shanastad;8;36858-5102;866
38622;7136 Zetta Point;;Mackhaven;5;14715-6979;867
44369;628 Roob Plaza;;Kyleburgh;6;15520-0842;868
13609;23713 Michale Ville;;Lake Blaze;5;58911-9748;869
48929;093 Schiller Point;;Paulinebury;3;07964;870
49585;37269 Nella Corner;;West Fordland;6;75937-8208;871
22765;53985 Gaylord Plaza;;Port Anniefort;3;19851;872
15588;55630 Rolfson Dam;;Port Cooper;7;14732-0670;873
11443;99296 Darron Spur;;North Rosendoborough;5;36351-7166;874
46387;4493 Ortiz Falls;;Port Adelaland;1;71597;875
9705;326 Lilyan Lodge;;Darestad;4;96097;876
13741;00238 Sigrid Lodge;;Delphiamouth;10;11113-0163;877
20075;9552 Kutch Spring;;Mossieport;10;09400-7327;878
48812;93807 Halvorson Track;;Port Ebonyberg;5;16964-1009;879
38073;01177 Jamarcus Meadow;;New Myahhaven;8;88596;880
26710;32040 Torphy Orchard;;Port Lourdes;9;10762;881
36609;7744 Anita Inlet;;Daleville;7;12252;882
2662;5958 Dagmar Green;;DuBuquefort;4;26468-0619;883
33194;180 Elwin Lake;;North Titoton;1;88479;884
31411;5472 Cummerata Heights;;Lakinstad;9;49845;885
13503;188 Ruecker Mountains;;Effertzside;8;90832-3558;886
26965;1143 Block Manor;;Kovacekfort;3;91932;887
1932;131 Josefa Terrace;;Brekkebury;8;57482-5391;888
48608;78105 Andres Road;;Rhodaton;7;71806-1366;889
2918;00681 Kaya Drive;;West Raoul;3;70971;890
12662;96305 Abe Plaza;;Port Bransonfort;4;86820-9005;891
2353;45494 Tillman Turnpike;;Port Trevion;10;53281;892
11709;16892 Rashawn Coves;;Prohaskaport;6;83182-4440;893
34571;603 Lueilwitz Plain;;Derickmouth;4;94640-2053;894
6574;29521 Carroll Circles;;Framiton;7;56437;895
13247;26014 Leatha Via;;Danielhaven;4;70906-2732;896
31956;655 Mayert Rest;;New Adan;10;17992;897
43174;52020 Joyce Highway;;Groverfurt;8;45804-6925;898
18827;593 Stella Row;;Fishertown;6;23746-9392;899
40433;970 Deshaun Ville;;New Herthamouth;5;34678;900
5924;7193 Ena Park;;West Jerryshire;2;04604;901
37179;665 Baby Mill;;North Jillian;3;27710-3854;902
47020;20133 Mayert Shoals;;Lake Virgil;8;69756;903
3626;334 Brandy Groves;;Ellisside;7;14629;904
932;02674 Bechtelar Circle;;East Rebecaside;1;87486-8167;905
33543;199 Celine Course;;Beerburgh;7;33041-2607;906
22135;583 Rempel Bridge;;South Fernmouth;1;33587;907
37373;0573 Kaelyn Junctions;;Lake Dariusburgh;4;09103-3816;908
14732;61384 Jacobs Manors;;Dejonville;8;97622-2103;909
42369;8306 Buckridge Spring;;North Elta;7;90925-9512;910
47578;6094 Enid Road;;Shannonborough;9;73763;911
11564;41456 Goldner Summit;;East Jodieport;7;15825;912
31880;394 Hand Port;;Connellyside;2;46813;913
13711;787 Dean Overpass;;West Ansel;5;21617;914
2687;2026 Schuster Camp;;Zakarychester;1;65493-1322;915
32787;8892 Marley Parkways;;Konopelskiborough;10;28722;916
14802;663 Rosalee Viaduct;;East Kennedy;4;02658-4066;917
25982;14926 Tiana Motorway;;North Demarcus;1;04122-7145;918
3369;138 Hodkiewicz Road;;Drewbury;6;36135-4749;919
47724;5897 Barrows Flat;;Port Marleeville;6;99070;920
24739;1376 Alaina Gardens;;Lake Carmen;7;28293;921
24433;35535 O'Conner Skyway;;Lake Erin;9;29233-2133;922
12691;9349 Heidenreich Rapids;;Port Carlos;6;92761-1603;923
31844;18293 Turner Fords;;East Joany;6;70597;924
30213;62305 Gillian Glens;;Strackeport;8;22958;925
9806;885 Greenholt Roads;;East Jaquelinland;9;77739;926
45155;09945 Dario Valley;;Wehnerchester;9;77490-8704;927
45872;4202 Renner Square;;New Parisside;1;08215;928
4617;39502 Armstrong Knolls;;West Sonia;7;74556;929
14912;56625 Friesen Spurs;;Leschside;6;38048-2274;930
44163;345 McKenzie Row;;Port Khalil;1;18561;931
30977;95086 Corwin Loaf;;South Janice;3;34069;932
27695;1198 Harris Garden;;Swaniawskichester;6;94162-2217;933
14231;43095 Carrie Shores;;Russview;1;37936-0753;934
14756;83097 McLaughlin Land;;North Dina;5;04195;935
34974;61636 Cullen Forges;;Bernitahaven;8;65973-1080;936
45650;924 Torp Rest;;Lake Cierraville;2;96774-5705;937
36542;640 Heller Hill;;Danielleburgh;1;41362-1046;938
16841;252 Elvie Island;;South Enidview;1;37208;939
352;5045 Claudine Spurs;;New Rhodaport;3;09558-0207;940
43379;53393 Lizeth Brook;;Aylaport;10;34383-8377;941
4983;0816 Ziemann Lakes;;New Odiehaven;5;20639-5677;942
37616;3817 Moore Station;;Schustermouth;10;85876-9432;943
21631;886 Roselyn Alley;;Lake Jaidaland;4;88551-5486;944
30716;898 Cindy Meadow;;West Richmond;8;58860-6616;945
37068;037 MacGyver Mall;;Johnstonview;10;15469-1148;946
42616;84662 Broderick Shoals;;South Eunicebury;3;44530-1422;947
10685;1571 Clarabelle Brooks;;Gustmouth;7;45896-4514;948
22381;9280 Elroy Divide;;Kautzerville;8;63340;949
4248;9111 Marilyne Shore;;Linachester;5;01575;950
39537;8547 Kenyon Well;;East Lowell;10;40549;951
2224;7484 Ken Views;;West Dovie;1;27314-7832;952
38127;306 Sylvia Harbors;;Port Terrelltown;4;24852-0710;953
13987;15712 Haley Ridge;;Lake Louvenia;1;14479;954
29475;06002 Reanna Well;;West Rogerview;2;80502-3959;955
48355;0801 Jenkins Islands;;Hahnmouth;9;75719-2437;956
1930;41236 Stracke Expressway;;Port Dasiashire;4;37705-8421;957
3170;57169 Mireya Route;;Sandrastad;9;37161;958
24755;644 Bridie Cape;;Sawaynborough;2;01393;959
46808;4681 Adella Divide;;North Jacynthe;3;19444-8537;960
27591;282 Roderick Burg;;West Keara;4;88725;961
31348;9967 Goldner Centers;;Lake Dashawnfort;3;03799-6517;962
36470;17387 Else Shores;;East Samson;9;96899-2742;963
25672;293 Edgar Road;;Gislasonport;7;28068-0576;964
23951;82465 Hamill Oval;;Medhurstmouth;8;30184;965
39130;2274 Odie Alley;;Nicolaview;5;19698-9208;966
25114;579 Gracie Square;;New Marioborough;7;25898-7988;967
3543;7403 Natalia Stream;;Hegmannberg;3;82412-2876;968
42378;4348 Zion Vista;;Ettieberg;8;30578-0885;969
2010;53780 Pablo Hills;;East Doyleport;2;72848;970
44196;99891 Stark Throughway;;Bartellville;7;07962-7247;971
8421;1361 Medhurst Spring;;Isidroport;6;88782;972
30793;9669 Kutch Plains;;Mullerbury;4;61640;973
45973;609 O'Connell Stravenue;;South Jonathanchester;5;04639-7840;974
19189;786 Hintz Tunnel;;Turcottemouth;1;45843-6262;975
29142;715 Christian Extension;;Herzogside;3;23861;976
18064;2560 Pfannerstill Burgs;;Lorenmouth;3;58383-6699;977
38963;17472 Jada Ridges;;Uptonmouth;4;16359;978
35230;09139 O'Keefe Haven;;Lilyhaven;3;79839-4436;979
48391;3314 Roscoe Spur;;East Brockhaven;1;10114;980
36515;40619 Collins Vista;;Zboncakton;1;89148-0216;981
18962;286 Lynch Circle;;Larsonshire;1;52778-0476;982
39455;5921 Rempel Cliff;;North Bethanyland;2;02639-7136;983
304;846 Stehr Lodge;;East Eulaliaton;3;53678;984
26116;66910 Richmond Route;;Torphyfurt;10;54809-0439;985
33026;892 Freida Mall;;West Dee;8;85475-2821;986
47352;326 Celia Court;;Caesarside;9;64617-4886;987
47249;6788 Cummings Cove;;Port Gloria;8;15825;988
7956;99449 Fletcher Centers;;Port Ellieberg;7;75499;989
37113;44740 Kole Orchard;;Ernestview;10;52393-1401;990
3161;965 Estelle Flats;;Lednertown;3;27913-8654;991
22776;27372 Zella Forges;;Welchbury;7;58600-4170;992
47572;661 Kautzer Brook;;Sylvesterbury;3;31524-5033;993
8472;25610 Rita Mountain;;Santinaport;1;86529-3578;994
2748;4408 Loyce Isle;;Koleton;5;34651-3923;995
48832;415 Schumm Mountain;;Port Eribertoview;3;08851;996
31429;199 Jairo Curve;;Port Kileyport;4;41922-7297;997
15945;00159 Hackett Point;;Port Lolaview;7;31061-5103;998
44657;34647 Corwin Coves;;Port Mallie;7;28558;999
41548;1824 Kelly Locks;;West Candido;6;26056;1000
