user_id;authority_name
1;ROLE_ADMIN
1;ROLE_USER
2;ROLE_GUEST
3;ROLE_ADMIN
3;ROLE_USER
4;ROLE_USER
5;ROLE_USER
6;ROLE_USER
7;ROLE_USER
8;ROLE_USER
9;ROLE_USER
10;ROLE_USER
11;ROLE_USER
12;ROLE_USER
13;ROLE_USER
14;ROLE_USER
15;ROLE_USER
16;ROLE_USER
17;ROLE_USER
18;ROLE_USER
19;ROLE_USER
20;ROLE_USER
21;ROLE_USER
22;ROLE_USER
23;ROLE_USER
24;ROLE_USER
25;ROLE_USER
26;ROLE_USER
27;ROLE_USER
28;ROLE_USER
29;ROLE_USER
30;ROLE_USER
31;ROLE_USER
32;ROLE_USER
33;ROLE_USER
34;ROLE_USER
35;ROLE_USER
36;ROLE_USER
37;ROLE_USER
38;ROLE_USER
39;ROLE_USER
40;ROLE_USER
41;ROLE_USER
42;ROLE_USER
43;ROLE_USER
44;ROLE_USER
45;ROLE_USER
46;ROLE_USER
47;ROLE_USER
48;ROLE_USER
49;ROLE_USER
50;ROLE_USER
51;ROLE_USER
52;ROLE_USER
53;ROLE_USER
54;ROLE_USER
55;ROLE_USER
56;ROLE_USER
57;ROLE_USER
58;ROLE_USER
59;ROLE_USER
60;ROLE_USER
61;ROLE_USER
62;ROLE_USER
63;ROLE_USER
64;ROLE_USER
65;ROLE_USER
66;ROLE_USER
67;ROLE_USER
68;ROLE_USER
69;ROLE_USER
70;ROLE_USER
71;ROLE_USER
72;ROLE_USER
73;ROLE_USER
74;ROLE_USER
75;ROLE_USER
76;ROLE_USER
77;ROLE_USER
78;ROLE_USER
79;ROLE_USER
80;ROLE_USER
81;ROLE_USER
82;ROLE_USER
83;ROLE_USER
84;ROLE_USER
85;ROLE_USER
86;ROLE_USER
87;ROLE_USER
88;ROLE_USER
89;ROLE_USER
90;ROLE_USER
91;ROLE_USER
92;ROLE_USER
93;ROLE_USER
94;ROLE_USER
95;ROLE_USER
96;ROLE_USER
97;ROLE_USER
98;ROLE_USER
99;ROLE_USER
100;ROLE_USER
100;ROLE_ADMIN
101;ROLE_USER
102;ROLE_USER
103;ROLE_USER
104;ROLE_USER
105;ROLE_USER
106;ROLE_USER
107;ROLE_USER
108;ROLE_USER
109;ROLE_USER
110;ROLE_USER
111;ROLE_USER
112;ROLE_USER
113;ROLE_USER
114;ROLE_USER
115;ROLE_USER
116;ROLE_USER
117;ROLE_USER
118;ROLE_USER
119;ROLE_USER
120;ROLE_USER
121;ROLE_USER
122;ROLE_USER
123;ROLE_USER
124;ROLE_USER
125;ROLE_USER
126;ROLE_USER
127;ROLE_USER
128;ROLE_USER
129;ROLE_USER
130;ROLE_USER
131;ROLE_USER
132;ROLE_USER
133;ROLE_USER
134;ROLE_USER
135;ROLE_USER
136;ROLE_USER
137;ROLE_USER
138;ROLE_USER
139;ROLE_USER
140;ROLE_USER
141;ROLE_USER
142;ROLE_USER
143;ROLE_USER
144;ROLE_USER
145;ROLE_USER
146;ROLE_USER
147;ROLE_USER
148;ROLE_USER
149;ROLE_USER
150;ROLE_USER
151;ROLE_USER
152;ROLE_USER
153;ROLE_USER
154;ROLE_USER
155;ROLE_USER
156;ROLE_USER
157;ROLE_USER
158;ROLE_USER
159;ROLE_USER
160;ROLE_USER
161;ROLE_USER
162;ROLE_USER
163;ROLE_USER
164;ROLE_USER
165;ROLE_USER
166;ROLE_USER
167;ROLE_USER
168;ROLE_USER
169;ROLE_USER
170;ROLE_USER
171;ROLE_USER
172;ROLE_USER
173;ROLE_USER
174;ROLE_USER
175;ROLE_USER
176;ROLE_USER
177;ROLE_USER
178;ROLE_USER
179;ROLE_USER
180;ROLE_USER
181;ROLE_USER
182;ROLE_USER
183;ROLE_USER
184;ROLE_USER
185;ROLE_USER
186;ROLE_USER
187;ROLE_USER
188;ROLE_USER
189;ROLE_USER
190;ROLE_USER
191;ROLE_USER
192;ROLE_USER
193;ROLE_USER
194;ROLE_USER
195;ROLE_USER
196;ROLE_USER
197;ROLE_USER
198;ROLE_USER
199;ROLE_USER
200;ROLE_USER
200;ROLE_ADMIN
201;ROLE_USER
202;ROLE_USER
203;ROLE_USER
204;ROLE_USER
205;ROLE_USER
206;ROLE_USER
207;ROLE_USER
208;ROLE_USER
209;ROLE_USER
210;ROLE_USER
211;ROLE_USER
212;ROLE_USER
213;ROLE_USER
214;ROLE_USER
215;ROLE_USER
216;ROLE_USER
217;ROLE_USER
218;ROLE_USER
219;ROLE_USER
220;ROLE_USER
221;ROLE_USER
222;ROLE_USER
223;ROLE_USER
224;ROLE_USER
225;ROLE_USER
226;ROLE_USER
227;ROLE_USER
228;ROLE_USER
229;ROLE_USER
230;ROLE_USER
231;ROLE_USER
232;ROLE_USER
233;ROLE_USER
234;ROLE_USER
235;ROLE_USER
236;ROLE_USER
237;ROLE_USER
238;ROLE_USER
239;ROLE_USER
240;ROLE_USER
241;ROLE_USER
242;ROLE_USER
243;ROLE_USER
244;ROLE_USER
245;ROLE_USER
246;ROLE_USER
247;ROLE_USER
248;ROLE_USER
249;ROLE_USER
250;ROLE_USER
251;ROLE_USER
252;ROLE_USER
253;ROLE_USER
254;ROLE_USER
255;ROLE_USER
256;ROLE_USER
257;ROLE_USER
258;ROLE_USER
259;ROLE_USER
260;ROLE_USER
261;ROLE_USER
262;ROLE_USER
263;ROLE_USER
264;ROLE_USER
265;ROLE_USER
266;ROLE_USER
267;ROLE_USER
268;ROLE_USER
269;ROLE_USER
270;ROLE_USER
271;ROLE_USER
272;ROLE_USER
273;ROLE_USER
274;ROLE_USER
275;ROLE_USER
276;ROLE_USER
277;ROLE_USER
278;ROLE_USER
279;ROLE_USER
280;ROLE_USER
281;ROLE_USER
282;ROLE_USER
283;ROLE_USER
284;ROLE_USER
285;ROLE_USER
286;ROLE_USER
287;ROLE_USER
288;ROLE_USER
289;ROLE_USER
290;ROLE_USER
291;ROLE_USER
292;ROLE_USER
293;ROLE_USER
294;ROLE_USER
295;ROLE_USER
296;ROLE_USER
297;ROLE_USER
298;ROLE_USER
299;ROLE_USER
300;ROLE_USER
300;ROLE_ADMIN
301;ROLE_USER
302;ROLE_USER
303;ROLE_USER
304;ROLE_USER
305;ROLE_USER
306;ROLE_USER
307;ROLE_USER
308;ROLE_USER
309;ROLE_USER
310;ROLE_USER
311;ROLE_USER
312;ROLE_USER
313;ROLE_USER
314;ROLE_USER
315;ROLE_USER
316;ROLE_USER
317;ROLE_USER
318;ROLE_USER
319;ROLE_USER
320;ROLE_USER
321;ROLE_USER
322;ROLE_USER
323;ROLE_USER
324;ROLE_USER
325;ROLE_USER
326;ROLE_USER
327;ROLE_USER
328;ROLE_USER
329;ROLE_USER
330;ROLE_USER
331;ROLE_USER
332;ROLE_USER
333;ROLE_USER
334;ROLE_USER
335;ROLE_USER
336;ROLE_USER
337;ROLE_USER
338;ROLE_USER
339;ROLE_USER
340;ROLE_USER
341;ROLE_USER
342;ROLE_USER
343;ROLE_USER
344;ROLE_USER
345;ROLE_USER
346;ROLE_USER
347;ROLE_USER
348;ROLE_USER
349;ROLE_USER
350;ROLE_USER
351;ROLE_USER
352;ROLE_USER
353;ROLE_USER
354;ROLE_USER
355;ROLE_USER
356;ROLE_USER
357;ROLE_USER
358;ROLE_USER
359;ROLE_USER
360;ROLE_USER
361;ROLE_USER
362;ROLE_USER
363;ROLE_USER
364;ROLE_USER
365;ROLE_USER
366;ROLE_USER
367;ROLE_USER
368;ROLE_USER
369;ROLE_USER
370;ROLE_USER
371;ROLE_USER
372;ROLE_USER
373;ROLE_USER
374;ROLE_USER
375;ROLE_USER
376;ROLE_USER
377;ROLE_USER
378;ROLE_USER
379;ROLE_USER
380;ROLE_USER
381;ROLE_USER
382;ROLE_USER
383;ROLE_USER
384;ROLE_USER
385;ROLE_USER
386;ROLE_USER
387;ROLE_USER
388;ROLE_USER
389;ROLE_USER
390;ROLE_USER
391;ROLE_USER
392;ROLE_USER
393;ROLE_USER
394;ROLE_USER
395;ROLE_USER
396;ROLE_USER
397;ROLE_USER
398;ROLE_USER
399;ROLE_USER
400;ROLE_USER
400;ROLE_ADMIN
401;ROLE_USER
402;ROLE_USER
403;ROLE_USER
404;ROLE_USER
405;ROLE_USER
406;ROLE_USER
407;ROLE_USER
408;ROLE_USER
409;ROLE_USER
410;ROLE_USER
411;ROLE_USER
412;ROLE_USER
413;ROLE_USER
414;ROLE_USER
415;ROLE_USER
416;ROLE_USER
417;ROLE_USER
418;ROLE_USER
419;ROLE_USER
420;ROLE_USER
421;ROLE_USER
422;ROLE_USER
423;ROLE_USER
424;ROLE_USER
425;ROLE_USER
426;ROLE_USER
427;ROLE_USER
428;ROLE_USER
429;ROLE_USER
430;ROLE_USER
431;ROLE_USER
432;ROLE_USER
433;ROLE_USER
434;ROLE_USER
435;ROLE_USER
436;ROLE_USER
437;ROLE_USER
438;ROLE_USER
439;ROLE_USER
440;ROLE_USER
441;ROLE_USER
442;ROLE_USER
443;ROLE_USER
444;ROLE_USER
445;ROLE_USER
446;ROLE_USER
447;ROLE_USER
448;ROLE_USER
449;ROLE_USER
450;ROLE_USER
451;ROLE_USER
452;ROLE_USER
453;ROLE_USER
454;ROLE_USER
455;ROLE_USER
456;ROLE_USER
457;ROLE_USER
458;ROLE_USER
459;ROLE_USER
460;ROLE_USER
461;ROLE_USER
462;ROLE_USER
463;ROLE_USER
464;ROLE_USER
465;ROLE_USER
466;ROLE_USER
467;ROLE_USER
468;ROLE_USER
469;ROLE_USER
470;ROLE_USER
471;ROLE_USER
472;ROLE_USER
473;ROLE_USER
474;ROLE_USER
475;ROLE_USER
476;ROLE_USER
477;ROLE_USER
478;ROLE_USER
479;ROLE_USER
480;ROLE_USER
481;ROLE_USER
482;ROLE_USER
483;ROLE_USER
484;ROLE_USER
485;ROLE_USER
486;ROLE_USER
487;ROLE_USER
488;ROLE_USER
489;ROLE_USER
490;ROLE_USER
491;ROLE_USER
492;ROLE_USER
493;ROLE_USER
494;ROLE_USER
495;ROLE_USER
496;ROLE_USER
497;ROLE_USER
498;ROLE_USER
499;ROLE_USER
500;ROLE_USER
500;ROLE_ADMIN
501;ROLE_USER
502;ROLE_USER
503;ROLE_USER
504;ROLE_USER
505;ROLE_USER
506;ROLE_USER
507;ROLE_USER
508;ROLE_USER
509;ROLE_USER
510;ROLE_USER
511;ROLE_USER
512;ROLE_USER
513;ROLE_USER
514;ROLE_USER
515;ROLE_USER
516;ROLE_USER
517;ROLE_USER
518;ROLE_USER
519;ROLE_USER
520;ROLE_USER
521;ROLE_USER
522;ROLE_USER
523;ROLE_USER
524;ROLE_USER
525;ROLE_USER
526;ROLE_USER
527;ROLE_USER
528;ROLE_USER
529;ROLE_USER
530;ROLE_USER
531;ROLE_USER
532;ROLE_USER
533;ROLE_USER
534;ROLE_USER
535;ROLE_USER
536;ROLE_USER
537;ROLE_USER
538;ROLE_USER
539;ROLE_USER
540;ROLE_USER
541;ROLE_USER
542;ROLE_USER
543;ROLE_USER
544;ROLE_USER
545;ROLE_USER
546;ROLE_USER
547;ROLE_USER
548;ROLE_USER
549;ROLE_USER
550;ROLE_USER
551;ROLE_USER
552;ROLE_USER
553;ROLE_USER
554;ROLE_USER
555;ROLE_USER
556;ROLE_USER
557;ROLE_USER
558;ROLE_USER
559;ROLE_USER
560;ROLE_USER
561;ROLE_USER
562;ROLE_USER
563;ROLE_USER
564;ROLE_USER
565;ROLE_USER
566;ROLE_USER
567;ROLE_USER
568;ROLE_USER
569;ROLE_USER
570;ROLE_USER
571;ROLE_USER
572;ROLE_USER
573;ROLE_USER
574;ROLE_USER
575;ROLE_USER
576;ROLE_USER
577;ROLE_USER
578;ROLE_USER
579;ROLE_USER
580;ROLE_USER
581;ROLE_USER
582;ROLE_USER
583;ROLE_USER
584;ROLE_USER
585;ROLE_USER
586;ROLE_USER
587;ROLE_USER
588;ROLE_USER
589;ROLE_USER
590;ROLE_USER
591;ROLE_USER
592;ROLE_USER
593;ROLE_USER
594;ROLE_USER
595;ROLE_USER
596;ROLE_USER
597;ROLE_USER
598;ROLE_USER
599;ROLE_USER
600;ROLE_USER
600;ROLE_ADMIN
601;ROLE_USER
602;ROLE_USER
603;ROLE_USER
604;ROLE_USER
605;ROLE_USER
606;ROLE_USER
607;ROLE_USER
608;ROLE_USER
609;ROLE_USER
610;ROLE_USER
611;ROLE_USER
612;ROLE_USER
613;ROLE_USER
614;ROLE_USER
615;ROLE_USER
616;ROLE_USER
617;ROLE_USER
618;ROLE_USER
619;ROLE_USER
620;ROLE_USER
621;ROLE_USER
622;ROLE_USER
623;ROLE_USER
624;ROLE_USER
625;ROLE_USER
626;ROLE_USER
627;ROLE_USER
628;ROLE_USER
629;ROLE_USER
630;ROLE_USER
631;ROLE_USER
632;ROLE_USER
633;ROLE_USER
634;ROLE_USER
635;ROLE_USER
636;ROLE_USER
637;ROLE_USER
638;ROLE_USER
639;ROLE_USER
640;ROLE_USER
641;ROLE_USER
642;ROLE_USER
643;ROLE_USER
644;ROLE_USER
645;ROLE_USER
646;ROLE_USER
647;ROLE_USER
648;ROLE_USER
649;ROLE_USER
650;ROLE_USER
651;ROLE_USER
652;ROLE_USER
653;ROLE_USER
654;ROLE_USER
655;ROLE_USER
656;ROLE_USER
657;ROLE_USER
658;ROLE_USER
659;ROLE_USER
660;ROLE_USER
661;ROLE_USER
662;ROLE_USER
663;ROLE_USER
664;ROLE_USER
665;ROLE_USER
666;ROLE_USER
667;ROLE_USER
668;ROLE_USER
669;ROLE_USER
670;ROLE_USER
671;ROLE_USER
672;ROLE_USER
673;ROLE_USER
674;ROLE_USER
675;ROLE_USER
676;ROLE_USER
677;ROLE_USER
678;ROLE_USER
679;ROLE_USER
680;ROLE_USER
681;ROLE_USER
682;ROLE_USER
683;ROLE_USER
684;ROLE_USER
685;ROLE_USER
686;ROLE_USER
687;ROLE_USER
688;ROLE_USER
689;ROLE_USER
690;ROLE_USER
691;ROLE_USER
692;ROLE_USER
693;ROLE_USER
694;ROLE_USER
695;ROLE_USER
696;ROLE_USER
697;ROLE_USER
698;ROLE_USER
699;ROLE_USER
700;ROLE_USER
700;ROLE_ADMIN
701;ROLE_USER
702;ROLE_USER
703;ROLE_USER
704;ROLE_USER
705;ROLE_USER
706;ROLE_USER
707;ROLE_USER
708;ROLE_USER
709;ROLE_USER
710;ROLE_USER
711;ROLE_USER
712;ROLE_USER
713;ROLE_USER
714;ROLE_USER
715;ROLE_USER
716;ROLE_USER
717;ROLE_USER
718;ROLE_USER
719;ROLE_USER
720;ROLE_USER
721;ROLE_USER
722;ROLE_USER
723;ROLE_USER
724;ROLE_USER
725;ROLE_USER
726;ROLE_USER
727;ROLE_USER
728;ROLE_USER
729;ROLE_USER
730;ROLE_USER
731;ROLE_USER
732;ROLE_USER
733;ROLE_USER
734;ROLE_USER
735;ROLE_USER
736;ROLE_USER
737;ROLE_USER
738;ROLE_USER
739;ROLE_USER
740;ROLE_USER
741;ROLE_USER
742;ROLE_USER
743;ROLE_USER
744;ROLE_USER
745;ROLE_USER
746;ROLE_USER
747;ROLE_USER
748;ROLE_USER
749;ROLE_USER
750;ROLE_USER
751;ROLE_USER
752;ROLE_USER
753;ROLE_USER
754;ROLE_USER
755;ROLE_USER
756;ROLE_USER
757;ROLE_USER
758;ROLE_USER
759;ROLE_USER
760;ROLE_USER
761;ROLE_USER
762;ROLE_USER
763;ROLE_USER
764;ROLE_USER
765;ROLE_USER
766;ROLE_USER
767;ROLE_USER
768;ROLE_USER
769;ROLE_USER
770;ROLE_USER
771;ROLE_USER
772;ROLE_USER
773;ROLE_USER
774;ROLE_USER
775;ROLE_USER
776;ROLE_USER
777;ROLE_USER
778;ROLE_USER
779;ROLE_USER
780;ROLE_USER
781;ROLE_USER
782;ROLE_USER
783;ROLE_USER
784;ROLE_USER
785;ROLE_USER
786;ROLE_USER
787;ROLE_USER
788;ROLE_USER
789;ROLE_USER
790;ROLE_USER
791;ROLE_USER
792;ROLE_USER
793;ROLE_USER
794;ROLE_USER
795;ROLE_USER
796;ROLE_USER
797;ROLE_USER
798;ROLE_USER
799;ROLE_USER
800;ROLE_USER
800;ROLE_ADMIN
801;ROLE_USER
802;ROLE_USER
803;ROLE_USER
804;ROLE_USER
805;ROLE_USER
806;ROLE_USER
807;ROLE_USER
808;ROLE_USER
809;ROLE_USER
810;ROLE_USER
811;ROLE_USER
812;ROLE_USER
813;ROLE_USER
814;ROLE_USER
815;ROLE_USER
816;ROLE_USER
817;ROLE_USER
818;ROLE_USER
819;ROLE_USER
820;ROLE_USER
821;ROLE_USER
822;ROLE_USER
823;ROLE_USER
824;ROLE_USER
825;ROLE_USER
826;ROLE_USER
827;ROLE_USER
828;ROLE_USER
829;ROLE_USER
830;ROLE_USER
831;ROLE_USER
832;ROLE_USER
833;ROLE_USER
834;ROLE_USER
835;ROLE_USER
836;ROLE_USER
837;ROLE_USER
838;ROLE_USER
839;ROLE_USER
840;ROLE_USER
841;ROLE_USER
842;ROLE_USER
843;ROLE_USER
844;ROLE_USER
845;ROLE_USER
846;ROLE_USER
847;ROLE_USER
848;ROLE_USER
849;ROLE_USER
850;ROLE_USER
851;ROLE_USER
852;ROLE_USER
853;ROLE_USER
854;ROLE_USER
855;ROLE_USER
856;ROLE_USER
857;ROLE_USER
858;ROLE_USER
859;ROLE_USER
860;ROLE_USER
861;ROLE_USER
862;ROLE_USER
863;ROLE_USER
864;ROLE_USER
865;ROLE_USER
866;ROLE_USER
867;ROLE_USER
868;ROLE_USER
869;ROLE_USER
870;ROLE_USER
871;ROLE_USER
872;ROLE_USER
873;ROLE_USER
874;ROLE_USER
875;ROLE_USER
876;ROLE_USER
877;ROLE_USER
878;ROLE_USER
879;ROLE_USER
880;ROLE_USER
881;ROLE_USER
882;ROLE_USER
883;ROLE_USER
884;ROLE_USER
885;ROLE_USER
886;ROLE_USER
887;ROLE_USER
888;ROLE_USER
889;ROLE_USER
890;ROLE_USER
891;ROLE_USER
892;ROLE_USER
893;ROLE_USER
894;ROLE_USER
895;ROLE_USER
896;ROLE_USER
897;ROLE_USER
898;ROLE_USER
899;ROLE_USER
900;ROLE_USER
900;ROLE_ADMIN
901;ROLE_USER
902;ROLE_USER
903;ROLE_USER
904;ROLE_USER
905;ROLE_USER
906;ROLE_USER
907;ROLE_USER
908;ROLE_USER
909;ROLE_USER
910;ROLE_USER
911;ROLE_USER
912;ROLE_USER
913;ROLE_USER
914;ROLE_USER
915;ROLE_USER
916;ROLE_USER
917;ROLE_USER
918;ROLE_USER
919;ROLE_USER
920;ROLE_USER
921;ROLE_USER
922;ROLE_USER
923;ROLE_USER
924;ROLE_USER
925;ROLE_USER
926;ROLE_USER
927;ROLE_USER
928;ROLE_USER
929;ROLE_USER
930;ROLE_USER
931;ROLE_USER
932;ROLE_USER
933;ROLE_USER
934;ROLE_USER
935;ROLE_USER
936;ROLE_USER
937;ROLE_USER
938;ROLE_USER
939;ROLE_USER
940;ROLE_USER
941;ROLE_USER
942;ROLE_USER
943;ROLE_USER
944;ROLE_USER
945;ROLE_USER
946;ROLE_USER
947;ROLE_USER
948;ROLE_USER
949;ROLE_USER
950;ROLE_USER
951;ROLE_USER
952;ROLE_USER
953;ROLE_USER
954;ROLE_USER
955;ROLE_USER
956;ROLE_USER
957;ROLE_USER
958;ROLE_USER
959;ROLE_USER
960;ROLE_USER
961;ROLE_USER
962;ROLE_USER
963;ROLE_USER
964;ROLE_USER
965;ROLE_USER
966;ROLE_USER
967;ROLE_USER
968;ROLE_USER
969;ROLE_USER
970;ROLE_USER
971;ROLE_USER
972;ROLE_USER
973;ROLE_USER
974;ROLE_USER
975;ROLE_USER
976;ROLE_USER
977;ROLE_USER
978;ROLE_USER
979;ROLE_USER
980;ROLE_USER
981;ROLE_USER
982;ROLE_USER
983;ROLE_USER
984;ROLE_USER
985;ROLE_USER
986;ROLE_USER
987;ROLE_USER
988;ROLE_USER
989;ROLE_USER
990;ROLE_USER
991;ROLE_USER
992;ROLE_USER
993;ROLE_USER
994;ROLE_USER
995;ROLE_USER
996;ROLE_USER
997;ROLE_USER
998;ROLE_USER
999;ROLE_USER
1000;ROLE_USER
1000;ROLE_ADMIN
